Dataset,Algorithm,Accuracy,Training_Time,Loss,Score
cifar100,SGD,32.86,369.28983879089355,0.0,0.14160300954865732
cifar100,Adam,39.1,360.061954498291,0.0,0.85
cifar100,RMSProp,36.09,376.138263463974,0.0,0.37173368943961677
cifar100,SISA,36.57,381.34456634521484,0.0,0.35673076923076924
