Dataset,Algorithm,Accuracy,Training_Time,Loss,Score
cifar10,SGD,66.95,571.3582279682159,0.0,0.25
cifar10,Adam,72.07,744.9695842266083,0.0,0.6520157828019493
cifar10,RMSProp,68.56,742.2873582839966,0.0,0.2437464346875234
cifar10,SISA,70.11,790.581960439682,0.0,0.37031250000000027
