Dataset,Algorithm,Remaining_Accuracy,Deleted_Accuracy,Unlearning_Time,Score
cifar100,Retraining,38.64,0.372,343.8253858089447,0.5309012131715771
cifar100,FineTuning,38.61,0.5878,163.61900806427002,0.5334565412711694
cifar100,Influence,1.0,0.0108,7.054866552352905,0.6
cifar100,SISA,37.0,0.49,189.47768473625183,0.55647510721027
