Dataset,Algorithm,Remaining_Accuracy,Deleted_Accuracy,Unlearning_Time,Score
CIFAR10,Retraining,0.7823111111111111,0.0,384.9297287464142,0.8500577013384334
CIFAR10,FineTuning,0.8484888888888888,0.0,373.0914330482483,0.8861381560266971
CIFAR10,Influence,0.0,1.0,97.01811695098877,0.25
CIFAR10,SISA,0.6623333333333333,0.0,703.1766562461853,0.6622413702791892
