Dataset,Algorithm,Remaining_Accuracy,Deleted_Accuracy,Unlearning_Time,Score
MNIST,Retraining,0.9837142857142858,0.984,405.4696671962738,0.5311256984435053
MNIST,FineTuning,0.9880504201680672,0.988,420.77963161468506,0.5255902849321049
MNIST,Influence,0.26252100840336134,0.26,103.48377203941345,0.6
MNIST,SISA,0.9607226890756303,0.96,741.0864291191101,0.398395171392577
