Dataset,Algorithm,Accuracy,Training_Time,Loss,Score
mnist,SGD,98.63,420.79689598083496,0.0,0.24855699761754854
mnist,Adam,99.21,398.490681886673,0.0,0.85
mnist,RMSProp,98.7,4263.039757728577,0.0,0.07241379310345612
mnist,SISA,98.96,871.6315937042236,0.0,0.5607715406845026
